543462,1715,1464116,pv,1511658000
543462,1715,1464116,pv,1511658000
662867,2244074,1575622,pv,1511658000
561558,3611281,965809,pv,1511658000
894923,3076029,1879194,pv,1511658000
834377,4541270,3738615,pv,1511658000
315321,942195,4339722,pv,1511658000
625915,1162383,570735,pv,1511658000
578814,176722,982926,pv,1511658000
873335,1256540,1451783,pv,1511658000
429984,4625350,2355072,pv,1511658000
866796,534083,4203730,pv,1511658000
937166,321683,2355072,pv,1511658000
156905,2901727,3001296,pv,1511658000
758810,5109495,1575622,pv,1511658000
107304,111477,4173315,pv,1511658000
452437,3255022,5099474,pv,1511658000
813974,1332724,2520771,buy,1511658000
524395,3887779,2366905,pv,1511658000
470572,3760258,1299190,pv,1511658001
543789,3110556,4558987,cart,1511658001
354759,2191348,4756105,pv,1511658001
382009,2123538,4801426,pv,1511658001
677046,1598945,4145813,pv,1511658001
946161,3021357,1506018,pv,1511658001
464646,2512167,2733371,pv,1511658001
1007641,5046581,2355072,pv,1511658001
723938,4719377,1464116,pv,1511658001
513008,3472922,401357,pv,1511658001
769215,22738,2355072,pv,1511658002
652863,4967749,1320293,pv,1511658002
801610,900305,634390,pv,1511658002
411478,3259235,2667323,pv,1511658002
431664,764155,2520377,pv,1511658002
487768,4125503,2465336,pv,1511658002
223813,4104826,2042400,pv,1511658002
672849,1822977,4801426,fav,1511658002
550127,4602135,65362,pv,1511658002
205752,1467139,171529,pv,1511658002
64419,2029769,2729260,pv,1511658002
756093,2881426,2520377,pv,1511658002
48353,4362292,583014,pv,1511658002
355509,4712764,4082778,pv,1511658003
826492,4016552,2735466,pv,1511658003
624915,2243311,2520377,pv,1511658003
682317,655740,982926,fav,1511658003
677621,1051389,4801426,pv,1511658003
422974,4649255,4818107,pv,1511658003
86512,563566,4756105,pv,1511658003
565218,2331370,3607361,pv,1511658003
232313,4182588,1730376,pv,1511658003
436966,1329977,3607361,cart,1511658003
561158,269170,2342116,fav,1511658003
344379,3318242,2920476,cart,1511658003
858204,2450718,235534,pv,1511658004
833924,3190176,1051370,pv,1511658004
992993,1900968,3794706,fav,1511658004
911930,1150136,2131531,pv,1511658004
736959,319911,4756105,pv,1511658004
82170,3588374,2465336,pv,1511658004
587599,2067643,4818107,cart,1511658004
367451,15775,4756105,pv,1511658004
428316,2478780,4284875,pv,1511658004
284910,3680091,3829657,pv,1511658004
345119,737662,4357323,pv,1511658004
551442,1762997,1879194,pv,1511658004
550384,3908776,1029459,pv,1511658004
677500,4534693,2640118,pv,1511658004
398626,2791489,1467750,pv,1511658004
118053,3545571,2433095,pv,1511658005
457401,4063698,4801426,pv,1511658005
45105,3234847,3141941,fav,1511658005
604760,2661651,3738615,pv,1511658005
905383,2064903,2939262,cart,1511658005
740788,3657484,4936889,pv,1511658005
456838,1242724,4756105,fav,1511658005
585217,215764,2640118,pv,1511658006
658185,4025021,4048584,fav,1511658006
210431,2035568,2328673,pv,1511658006
602619,1838725,2247787,pv,1511658006
860388,3797303,4357323,pv,1511658006
175334,2624960,801221,pv,1511658006
72403,4249007,1320293,pv,1511658006
307385,2551880,4050612,pv,1511658006
819283,2094785,2520377,pv,1511658006
801272,565658,1158475,pv,1511658006
344680,3224461,4789432,pv,1511658006
125206,1102775,622168,pv,1511658006
59131,1960832,154040,pv,1511658006
252339,2455388,3745824,pv,1511658006
794780,4465604,4242717,pv,1511658007
388283,4701157,1457367,pv,1511658007
416261,2101120,1299190,pv,1511658007
231758,3622677,4758477,pv,1511658007
92253,642337,4135185,pv,1511658007
297958,1762578,4801426,pv,1511658007
786771,1940649,1320293,pv,1511658007
789048,3144191,2355072,pv,1511658007
895384,1138468,1602288,pv,1511658007
578800,1324176,4135836,pv,1511658007
886777,4606952,996587,pv,1511658008
364036,2340632,2924150,pv,1511658008
783973,3935641,982926,pv,1511658008
483113,1158047,2030976,pv,1511658008
321087,3987903,149192,fav,1511658008
986762,2704613,4217906,pv,1511658008
1003495,3717164,535180,pv,1511658008
32983,1445878,2030976,pv,1511658008
580912,1837669,4263418,pv,1511658008
498371,980167,3607361,cart,1511658008
14830,3878488,3002561,pv,1511658008
457499,4796667,2355072,pv,1511658008
879381,881945,3004853,pv,1511658008
606403,1404468,781315,pv,1511658008
543832,3007018,2735466,pv,1511658009
824188,161847,4801426,pv,1511658009
750784,4727562,1286537,cart,1511658009
87479,5157294,2158079,pv,1511658009
147730,1278040,4801426,pv,1511658009
865088,3924907,411153,pv,1511658009
1006129,1993506,2939262,pv,1511658009
401750,3127850,2640118,pv,1511658009
501335,2005713,1092085,pv,1511658009
266486,1777124,4672807,cart,1511658009
23125,4680673,1756314,buy,1511658009
309473,3665543,2640118,pv,1511658009
547966,693058,2129666,pv,1511658009
599118,2771420,4159072,pv,1511658010
684544,2335709,1451814,pv,1511658010
130320,2469137,4756105,pv,1511658010
464365,1474058,3794706,pv,1511658010
522088,4170363,149192,pv,1511658010
402626,3244134,4801426,pv,1511658010
19445,2183531,4756105,pv,1511658010
44670,5140156,2131531,fav,1511658010
522815,2092266,2355072,pv,1511658010
105757,4175185,3191556,cart,1511658010
585344,1858802,267209,pv,1511658010
412009,3422566,2355072,pv,1511658010
872433,1984468,2520377,pv,1511658010
463780,3377720,745134,pv,1511658010
359932,5035793,3002561,pv,1511658011
742048,3851196,4051859,pv,1511658011
778656,559998,4874384,pv,1511658011
326402,2103118,846990,pv,1511658011
453328,2158281,2920476,pv,1511658011
362515,1892018,883960,pv,1511658011
763534,2402567,3496816,pv,1511658011
935169,55330,4339722,pv,1511658011
361299,1505783,982926,pv,1511658011
628949,4210587,903809,cart,1511658011
989894,3419383,1474371,fav,1511658012
200517,4670782,4181361,cart,1511658012
664416,2941436,1789614,pv,1511658012
348706,2605837,4163659,pv,1511658012
959846,5083345,479837,pv,1511658012
848070,988062,2342116,pv,1511658012
897594,4298799,4173315,pv,1511658012
951961,1221785,4756105,pv,1511658012
549488,2423996,4022701,pv,1511658012
524655,1925334,2033408,pv,1511658013
738256,496639,3247211,pv,1511658013
778173,1032031,784897,cart,1511658013
990673,1476503,3102419,pv,1511658013
700498,1993845,4173315,pv,1511658013
905860,2369381,1158475,pv,1511658013
893832,1153119,982926,pv,1511658013
602895,3538101,4756105,pv,1511658013
542932,1360737,903809,pv,1511658013
283950,3179868,3171095,pv,1511658013
789348,3841875,737184,pv,1511658013
756750,3534407,4129924,fav,1511658013
196825,4765909,2885642,pv,1511658013
20676,2875398,2885642,pv,1511658013
228104,2062543,2355072,pv,1511658013
773198,4200289,982926,pv,1511658014
677896,2165635,1029459,pv,1511658014
158600,3312738,1697889,fav,1511658014
287521,972793,1194737,pv,1511658014
549674,625283,3767409,pv,1511658014
631139,4364531,384755,pv,1511658014
375063,4069076,3607361,pv,1511658014
306072,1966569,285583,pv,1511658014
643526,282851,1575622,pv,1511658014
764411,4580986,982926,pv,1511658014
976200,3266415,2355072,pv,1511658014
918987,298223,1859277,pv,1511658014
18430,1882195,1080785,pv,1511658014
629115,3093045,1320293,pv,1511658014
332520,5026647,2355072,pv,1511658014
476980,2311313,4801426,pv,1511658014
157636,4858109,672001,pv,1511658015
798555,1295731,2800021,pv,1511658015
494300,4333209,3002561,cart,1511658015
122406,2059276,4801426,pv,1511658015
437344,4061918,4558987,pv,1511658015
220037,2939369,3720767,buy,1511658015
537712,2563909,3100759,pv,1511658015
520145,4465657,1320293,pv,1511658015
38574,1201477,3125533,pv,1511658015
1014253,2963034,1464116,pv,1511658015
915638,4800478,2629787,pv,1511658015
768844,2116634,4757812,pv,1511658015
74745,2231297,323851,fav,1511658015
326607,3693156,2066955,pv,1511658015
651189,4000666,886203,pv,1511658015
778396,3607696,5012555,pv,1511658016
493284,127403,359388,pv,1511658016
254349,4445002,2355072,pv,1511658016
415381,3520931,2419959,pv,1511658016
516789,18479,4145813,pv,1511658016
644777,987403,982926,pv,1511658016
317457,1546479,3776866,pv,1511658016
156905,4377552,1168596,pv,1511658016
740608,2405231,4173315,pv,1511658016
341260,5034946,4756105,pv,1511658016
806318,3525976,3299155,pv,1511658016
674989,4568242,4284875,fav,1511658016
889043,5015057,1281171,pv,1511658017
912390,2303733,2735466,pv,1511658017
393656,3569818,3738615,pv,1511658017
225763,480292,500212,pv,1511658017
334506,3722390,411153,pv,1511658017
273314,4973721,4611962,pv,1511658017
663193,2108019,2003083,pv,1511658017
1000034,800784,982926,pv,1511658018
391116,1962121,4145813,pv,1511658018
40793,4153899,1320293,pv,1511658018
280358,2654723,2520377,pv,1511658018
344240,3712088,2390349,pv,1511658018
691026,4022625,1126526,pv,1511658018
688090,1502018,1879194,pv,1511658018
947196,2259297,1406426,pv,1511658018
518479,576777,411153,pv,1511658018
789309,5136896,2981856,pv,1511658018
248568,3349768,1045172,buy,1511658018
392176,3742963,2066955,pv,1511658018